{
    "counter": {
        "ACTIVE": 313,
        "INACTIVE": 2,
        "INVALID": 0,
        "MALICIOUS": 0,
        "SANE": 0,
        "VALID": 0,
        "total": 315
    },
    "percentage": {
        "ACTIVE": 99.36507936507937,
        "INACTIVE": 6.896551724137931,
        "INVALID": 0,
        "MALICIOUS": 0,
        "SANE": 0,
        "VALID": 0,
        "total": 106.2616310892173
    }
}