{
    "counter": {
        "ACTIVE": 309,
        "INACTIVE": 1,
        "INVALID": 0,
        "MALICIOUS": 0,
        "SANE": 0,
        "VALID": 0,
        "total": 310
    },
    "percentage": {
        "ACTIVE": 99.6774193548387,
        "INACTIVE": 0.352112676056338,
        "INVALID": 0,
        "MALICIOUS": 0,
        "SANE": 0,
        "VALID": 0,
        "total": 100.02953203089504
    }
}