{
    "counter": {
        "ACTIVE": 266,
        "INACTIVE": 2,
        "INVALID": 0,
        "MALICIOUS": 0,
        "SANE": 0,
        "VALID": 0,
        "total": 268
    },
    "percentage": {
        "ACTIVE": 99.25373134328358,
        "INACTIVE": 1.8867924528301887,
        "INVALID": 0,
        "MALICIOUS": 0,
        "SANE": 0,
        "VALID": 0,
        "total": 101.14052379611377
    }
}