{
    "counter": {
        "ACTIVE": 312,
        "INACTIVE": 2,
        "INVALID": 0,
        "MALICIOUS": 0,
        "SANE": 0,
        "VALID": 0,
        "total": 314
    },
    "percentage": {
        "ACTIVE": 99.36305732484077,
        "INACTIVE": 0.7326007326007326,
        "INVALID": 0,
        "MALICIOUS": 0,
        "SANE": 0,
        "VALID": 0,
        "total": 100.0956580574415
    }
}