{
    "counter": {
        "ACTIVE": 300,
        "INACTIVE": 6,
        "INVALID": 0,
        "MALICIOUS": 0,
        "SANE": 0,
        "VALID": 0,
        "total": 306
    },
    "percentage": {
        "ACTIVE": 98.03921568627452,
        "INACTIVE": 7.142857142857143,
        "INVALID": 0,
        "MALICIOUS": 0,
        "SANE": 0,
        "VALID": 0,
        "total": 105.18207282913166
    }
}