{
    "counter": {
        "ACTIVE": 292,
        "INACTIVE": 1,
        "INVALID": 0,
        "MALICIOUS": 0,
        "SANE": 0,
        "VALID": 0,
        "total": 293
    },
    "percentage": {
        "ACTIVE": 99.65870307167235,
        "INACTIVE": 2.2222222222222223,
        "INVALID": 0,
        "MALICIOUS": 0,
        "SANE": 0,
        "VALID": 0,
        "total": 101.88092529389458
    }
}