{
    "counter": {
        "ACTIVE": 303,
        "INACTIVE": 2,
        "INVALID": 0,
        "MALICIOUS": 0,
        "SANE": 0,
        "VALID": 0,
        "total": 305
    },
    "percentage": {
        "ACTIVE": 99.34426229508196,
        "INACTIVE": 1.694915254237288,
        "INVALID": 0,
        "MALICIOUS": 0,
        "SANE": 0,
        "VALID": 0,
        "total": 101.03917754931925
    }
}