{
    "counter": {
        "ACTIVE": 315,
        "INACTIVE": 1,
        "INVALID": 0,
        "MALICIOUS": 0,
        "SANE": 0,
        "VALID": 0,
        "total": 316
    },
    "percentage": {
        "ACTIVE": 99.68354430379746,
        "INACTIVE": 0.4444444444444444,
        "INVALID": 0,
        "MALICIOUS": 0,
        "SANE": 0,
        "VALID": 0,
        "total": 100.1279887482419
    }
}