{
    "counter": {
        "ACTIVE": 304,
        "INACTIVE": 1,
        "INVALID": 0,
        "MALICIOUS": 0,
        "SANE": 0,
        "VALID": 0,
        "total": 305
    },
    "percentage": {
        "ACTIVE": 99.67213114754098,
        "INACTIVE": 0.7751937984496124,
        "INVALID": 0,
        "MALICIOUS": 0,
        "SANE": 0,
        "VALID": 0,
        "total": 100.44732494599059
    }
}