{
    "counter": {
        "ACTIVE": 307,
        "INACTIVE": 3,
        "INVALID": 0,
        "MALICIOUS": 0,
        "SANE": 0,
        "VALID": 0,
        "total": 310
    },
    "percentage": {
        "ACTIVE": 99.03225806451613,
        "INACTIVE": 1.675977653631285,
        "INVALID": 0,
        "MALICIOUS": 0,
        "SANE": 0,
        "VALID": 0,
        "total": 100.7082357181474
    }
}