{
    "counter": {
        "ACTIVE": 311,
        "INACTIVE": 2,
        "INVALID": 0,
        "MALICIOUS": 0,
        "SANE": 0,
        "VALID": 0,
        "total": 313
    },
    "percentage": {
        "ACTIVE": 99.36102236421725,
        "INACTIVE": 0.9478672985781991,
        "INVALID": 0,
        "MALICIOUS": 0,
        "SANE": 0,
        "VALID": 0,
        "total": 100.30888966279545
    }
}