{
    "counter": {
        "ACTIVE": 315,
        "INACTIVE": 1,
        "INVALID": 0,
        "MALICIOUS": 0,
        "SANE": 0,
        "VALID": 0,
        "total": 316
    },
    "percentage": {
        "ACTIVE": 99.68354430379746,
        "INACTIVE": 0.3225806451612903,
        "INVALID": 0,
        "MALICIOUS": 0,
        "SANE": 0,
        "VALID": 0,
        "total": 100.00612494895876
    }
}