{
    "counter": {
        "ACTIVE": 290,
        "INACTIVE": 1,
        "INVALID": 0,
        "MALICIOUS": 0,
        "SANE": 0,
        "VALID": 0,
        "total": 291
    },
    "percentage": {
        "ACTIVE": 99.65635738831615,
        "INACTIVE": 0.3968253968253968,
        "INVALID": 0,
        "MALICIOUS": 0,
        "SANE": 0,
        "VALID": 0,
        "total": 100.05318278514154
    }
}