{
    "counter": {
        "ACTIVE": 304,
        "INACTIVE": 3,
        "INVALID": 0,
        "MALICIOUS": 0,
        "SANE": 0,
        "VALID": 0,
        "total": 307
    },
    "percentage": {
        "ACTIVE": 99.0228013029316,
        "INACTIVE": 1.7142857142857142,
        "INVALID": 0,
        "MALICIOUS": 0,
        "SANE": 0,
        "VALID": 0,
        "total": 100.7370870172173
    }
}