{
    "counter": {
        "ACTIVE": 309,
        "INACTIVE": 2,
        "INVALID": 0,
        "MALICIOUS": 0,
        "SANE": 0,
        "VALID": 0,
        "total": 311
    },
    "percentage": {
        "ACTIVE": 99.35691318327974,
        "INACTIVE": 0.9389671361502347,
        "INVALID": 0,
        "MALICIOUS": 0,
        "SANE": 0,
        "VALID": 0,
        "total": 100.29588031942998
    }
}