{
    "counter": {
        "ACTIVE": 290,
        "INACTIVE": 1,
        "INVALID": 0,
        "MALICIOUS": 0,
        "SANE": 0,
        "VALID": 0,
        "total": 291
    },
    "percentage": {
        "ACTIVE": 99.65635738831615,
        "INACTIVE": 0.4329004329004329,
        "INVALID": 0,
        "MALICIOUS": 0,
        "SANE": 0,
        "VALID": 0,
        "total": 100.08925782121659
    }
}