{
    "counter": {
        "ACTIVE": 293,
        "INACTIVE": 1,
        "INVALID": 0,
        "MALICIOUS": 0,
        "SANE": 0,
        "VALID": 0,
        "total": 294
    },
    "percentage": {
        "ACTIVE": 99.65986394557824,
        "INACTIVE": 0.3968253968253968,
        "INVALID": 0,
        "MALICIOUS": 0,
        "SANE": 0,
        "VALID": 0,
        "total": 100.05668934240363
    }
}