{
    "counter": {
        "ACTIVE": 305,
        "INACTIVE": 2,
        "INVALID": 0,
        "MALICIOUS": 0,
        "SANE": 0,
        "VALID": 0,
        "total": 307
    },
    "percentage": {
        "ACTIVE": 99.3485342019544,
        "INACTIVE": 2.380952380952381,
        "INVALID": 0,
        "MALICIOUS": 0,
        "SANE": 0,
        "VALID": 0,
        "total": 101.72948658290677
    }
}