{
    "counter": {
        "ACTIVE": 304,
        "INACTIVE": 2,
        "INVALID": 0,
        "MALICIOUS": 0,
        "SANE": 0,
        "VALID": 0,
        "total": 306
    },
    "percentage": {
        "ACTIVE": 99.34640522875817,
        "INACTIVE": 0.975609756097561,
        "INVALID": 0,
        "MALICIOUS": 0,
        "SANE": 0,
        "VALID": 0,
        "total": 100.32201498485573
    }
}