{
    "counter": {
        "ACTIVE": 306,
        "INACTIVE": 2,
        "INVALID": 0,
        "MALICIOUS": 0,
        "SANE": 0,
        "VALID": 0,
        "total": 308
    },
    "percentage": {
        "ACTIVE": 99.35064935064935,
        "INACTIVE": 1.6666666666666667,
        "INVALID": 0,
        "MALICIOUS": 0,
        "SANE": 0,
        "VALID": 0,
        "total": 101.01731601731602
    }
}