{
    "counter": {
        "ACTIVE": 270,
        "INACTIVE": 3,
        "INVALID": 0,
        "MALICIOUS": 0,
        "SANE": 0,
        "VALID": 0,
        "total": 273
    },
    "percentage": {
        "ACTIVE": 98.9010989010989,
        "INACTIVE": 1.2820512820512822,
        "INVALID": 0,
        "MALICIOUS": 0,
        "SANE": 0,
        "VALID": 0,
        "total": 100.18315018315019
    }
}