{
    "counter": {
        "ACTIVE": 307,
        "INACTIVE": 2,
        "INVALID": 0,
        "MALICIOUS": 0,
        "SANE": 0,
        "VALID": 0,
        "total": 309
    },
    "percentage": {
        "ACTIVE": 99.35275080906149,
        "INACTIVE": 0.704225352112676,
        "INVALID": 0,
        "MALICIOUS": 0,
        "SANE": 0,
        "VALID": 0,
        "total": 100.05697616117416
    }
}