{
    "counter": {
        "ACTIVE": 317,
        "INACTIVE": 1,
        "INVALID": 0,
        "MALICIOUS": 0,
        "SANE": 0,
        "VALID": 0,
        "total": 318
    },
    "percentage": {
        "ACTIVE": 99.68553459119497,
        "INACTIVE": 2.9411764705882355,
        "INVALID": 0,
        "MALICIOUS": 0,
        "SANE": 0,
        "VALID": 0,
        "total": 102.6267110617832
    }
}