{
    "counter": {
        "ACTIVE": 267,
        "INACTIVE": 1,
        "INVALID": 0,
        "MALICIOUS": 0,
        "SANE": 0,
        "VALID": 0,
        "total": 268
    },
    "percentage": {
        "ACTIVE": 99.6268656716418,
        "INACTIVE": 0.9433962264150944,
        "INVALID": 0,
        "MALICIOUS": 0,
        "SANE": 0,
        "VALID": 0,
        "total": 100.57026189805688
    }
}