{
    "counter": {
        "ACTIVE": 316,
        "INACTIVE": 1,
        "INVALID": 0,
        "MALICIOUS": 0,
        "SANE": 0,
        "VALID": 0,
        "total": 317
    },
    "percentage": {
        "ACTIVE": 99.6845425867508,
        "INACTIVE": 3.7037037037037037,
        "INVALID": 0,
        "MALICIOUS": 0,
        "SANE": 0,
        "VALID": 0,
        "total": 103.3882462904545
    }
}