{
    "counter": {
        "ACTIVE": 299,
        "INACTIVE": 1,
        "INVALID": 0,
        "MALICIOUS": 0,
        "SANE": 0,
        "VALID": 0,
        "total": 300
    },
    "percentage": {
        "ACTIVE": 99.66666666666667,
        "INACTIVE": 1.2195121951219512,
        "INVALID": 0,
        "MALICIOUS": 0,
        "SANE": 0,
        "VALID": 0,
        "total": 100.88617886178862
    }
}