{
    "counter": {
        "ACTIVE": 268,
        "INACTIVE": 1,
        "INVALID": 0,
        "MALICIOUS": 0,
        "SANE": 0,
        "VALID": 0,
        "total": 269
    },
    "percentage": {
        "ACTIVE": 99.62825278810409,
        "INACTIVE": 1.5384615384615385,
        "INVALID": 0,
        "MALICIOUS": 0,
        "SANE": 0,
        "VALID": 0,
        "total": 101.16671432656563
    }
}